Full Name,Gender,Age,Email,Phone,Address,City,State,Pincode,Aadhaar,PAN,Date of Registration
Devansh Sura,Female,22,kiaansangha@yahoo.com,03274473510,"H.No. 12, Kohli Zila, Bhopal-077560",Pune,Maharashtra,313373,4859 7632 5833,VAV6764O,2023-02-24
Veer Wali,Female,27,samar61@yahoo.com,07915932694,"15/205, Goda Path, Berhampore-128555",Chennai,Tamil Nadu,852824,3981 8454 6627,OXF6174X,2024-01-03
Lakshay Upadhyay,Female,49,acherian@goel.com,+911369382483,"H.No. 06, Gade Nagar, Jabalpur-325985",New Delhi,Delhi,865404,7551 5699 8878,PGI9367E,2022-12-08
Tejas Dave,Other,36,dassdrishya@bawa.com,8720726186,"85/913, Sarna Marg, Rajkot 145934",Coimbatore,Tamil Nadu,783841,5927 5405 9127,CJP8613H,2023-09-19
Indranil Sinha,Female,53,laganwagle@bhargava.info,+918453087773,"68/865, Ramaswamy Ganj, Gurgaon 816469",Vadodara,Gujarat,327907,5033 7105 9361,EKI7829A,2024-07-04
Purab Ratta,Female,57,umang71@subramaniam.org,+917283396061,"86/58, Shere Ganj, Bijapur 755188",Kanpur,Uttar Pradesh,010713,1678 4851 1802,HWN3475D,2024-11-27
Uthkarsh Kakar,Other,42,wagletarini@setty.net,09931047581,"H.No. 878, Krishnan Chowk, Patna-496618",Kolkata,West Bengal,323376,5583 7257 5087,QFJ2934E,2022-08-04
Badal Lalla,Male,26,arhaan62@gill.com,+910215949439,"24, Magar Path, Ichalkaranji 983143",Agra,Uttar Pradesh,554139,3916 3820 4030,RYF5674X,2022-07-07
Ishaan Bobal,Female,18,ganesanrati@hotmail.com,7693958003,"68/66, Grewal Road, Ludhiana-397413",Chennai,Tamil Nadu,319743,3206 8925 5985,QFU3444V,2024-09-25
Kabir Ravi,Female,39,obhagat@hotmail.com,06076668051,"H.No. 53, Barman Circle, Alappuzha-118900",Bangalore,Karnataka,956454,3191 6349 9740,ILH6991W,2025-02-09
Heer Kapoor,Female,59,rguha@yahoo.com,+914687062775,"04, Shroff Street, Bhilai 845561",Ahmedabad,Gujarat,221754,9608 5556 2579,ZSH2222N,2024-05-03
Saanvi Balay,Male,52,senguptahiran@hotmail.com,+919629998303,"H.No. 30, Sami Ganj, Amaravati 111010",Madurai,Tamil Nadu,745222,6619 1674 4737,FVQ2989T,2023-12-27
Jayant Sekhon,Male,39,hkeer@subramaniam-ghose.info,09662433186,"06, Vohra, Maheshtala-299202",Lucknow,Uttar Pradesh,154518,9595 9671 6548,UIR7373P,2023-09-10
Ishaan Dhillon,Female,49,alia54@kashyap.com,+914523978045,"79/27, Raman Circle, Anand-821381",Mangalore,Karnataka,190029,2931 1787 7723,BPL7504V,2024-05-01
Kartik Dua,Other,48,ukrishnan@kala.net,+914657968010,"H.No. 865, Sawhney Chowk, Tezpur 696639",Kolkata,West Bengal,814253,5408 1226 3959,BOP6753P,2023-06-13
Prisha Sharaf,Other,48,ehsaan97@gmail.com,0811814958,"H.No. 151, Shukla Road, Gudivada-641170",Howrah,West Bengal,812448,9840 6623 4433,GZX1299R,2022-04-13
Vaibhav Hans,Male,34,urvi67@bedi-venkataraman.com,1435001114,"26, Agate Nagar, Vasai-Virar-848506",New Delhi,Delhi,500244,8204 2456 6428,WDV5211P,2023-09-01
Suhana Ahluwalia,Female,41,vardaniya86@bhasin.com,8897790465,"93/949, Gill, Secunderabad 356862",Howrah,West Bengal,238793,2887 9799 3449,HRB5775O,2024-08-04
Zaina Sandal,Other,22,sarafriya@gmail.com,02200261606,"47, Barad, Secunderabad-533761",Nagpur,Maharashtra,254822,9734 8698 4983,TND2598E,2022-10-29
Neysa Dara,Female,62,solankitushar@gupta.com,8548822405,"H.No. 980, Kothari Street, Alwar-205169",Agra,Uttar Pradesh,510030,5479 8791 2551,RFE7322R,2024-01-08
Hunar Deshmukh,Other,24,zbedi@hotmail.com,00067568230,"420, Ramaswamy Circle, Bhimavaram 913121",Mangalore,Karnataka,949610,1429 2869 6680,IYR1443N,2024-01-12
Inaaya  Sharaf,Other,30,bahriprerak@goda.com,+914286963965,"53/02, Chatterjee Path, Munger 549070",New Delhi,Delhi,865515,4858 2188 5449,YBP4239T,2025-04-01
Ivana Mallick,Male,42,talwarmehul@yahoo.com,9893716839,"25, Khanna, Vijayawada-183603",Agra,Uttar Pradesh,045887,7288 5533 5418,IWL3627N,2025-03-29
Yuvaan Chhabra,Other,18,psachar@jain-bassi.com,1124076708,"56, Chokshi Circle, Aurangabad-353711",Ahmedabad,Gujarat,823563,1664 6910 4483,ALE6319M,2023-12-20
Taimur Rout,Female,25,cbhatia@raval.com,+912557239184,"36, Bajaj Nagar, Bhiwandi 196400",Coimbatore,Tamil Nadu,461552,7011 9312 4555,RRU6181N,2023-04-03
Ishita Kapoor,Other,58,sachdevfarhan@swaminathan.com,+913135974353,"H.No. 780, Chad Circle, Saharsa 671774",Chennai,Tamil Nadu,290030,7474 6507 8349,MQV3601M,2022-06-13
Arnav Wason,Female,18,amira00@vasa.com,+910132631605,"43/297, Borra, Ambattur-034168",Mangalore,Karnataka,773990,6179 2990 7943,PJC3125I,2024-09-02
Hunar Kadakia,Male,48,veer90@sant-sibal.com,00494087923,"H.No. 76, Rajan, Thrissur 291777",Bangalore,Karnataka,396995,4698 2346 8879,DNZ5490D,2022-09-28
Nakul Kaul,Other,48,myra56@bala.com,07607323420,"014, Sankaran Zila, Yamunanagar-944987",Nagpur,Maharashtra,494951,5575 8408 2291,RMG3609B,2023-11-26
Adah Bansal,Other,41,issacneysa@chahal.com,+914978452749,"77/46, Rao Marg, Dhanbad-965524",Kanpur,Uttar Pradesh,658575,9570 5331 7703,QPO6483Z,2024-03-13
Pari Dada,Other,55,madanaaina@mander.org,7194353653,"H.No. 11, Dash Ganj, Gurgaon-289305",Howrah,West Bengal,681634,9135 8854 7332,YFO1319R,2022-11-02
Nitya Chakrabarti,Other,49,mohanlalkala@yahoo.com,5890873286,"37/91, Chaudhry, Vellore 264879",Kanpur,Uttar Pradesh,478022,3022 9751 3238,EWN2248W,2024-12-29
Mohanlal Soman,Male,62,pihuguha@yahoo.com,+913455353354,"879, Lad Chowk, Madanapalle-427665",Mysore,Karnataka,738336,9560 5747 6228,VNT9821J,2024-08-04
Samaira Shere,Other,64,samajayant@mannan.info,0973824265,"H.No. 830, Sagar Circle, Dehradun 136712",Madurai,Tamil Nadu,457073,7253 2324 3915,DZM1585O,2023-08-14
Amani Kari,Female,26,nishith26@chanda.com,03409480544,"84/018, Ranganathan Street, Saharsa 572747",Chennai,Tamil Nadu,751442,5352 7991 1170,BDJ9769H,2022-07-11
Nirvi Saraf,Female,58,grandhawa@yahoo.com,00941662576,"16/222, Halder Ganj, Madanapalle 817072",Chennai,Tamil Nadu,887775,2234 7622 6657,JGM2147T,2024-10-21
Jayesh Kashyap,Male,45,farhan22@hotmail.com,03849424051,"18/71, Konda Chowk, Mangalore-359556",Bangalore,Karnataka,148689,9740 4204 8244,EIS7580G,2022-04-29
Aarush Kara,Male,23,kapadiayuvraj@hotmail.com,03172111468,"H.No. 061, Sharma Chowk, Guntakal-985006",Mysore,Karnataka,487059,8947 8501 7742,JXA9284Z,2024-04-12
Drishya Shenoy,Female,59,tverma@yahoo.com,3998678771,"07/924, Shroff Path, Mehsana-895731",New Delhi,Delhi,308169,9043 2089 2197,FVG1546A,2024-05-31
Shamik Dugar,Male,26,shanayabakshi@yahoo.com,4026438801,"H.No. 166, Rattan Street, Dharmavaram 277117",Ahmedabad,Gujarat,521356,6633 3167 6374,QTE4556Q,2022-08-23
Madhup Chhabra,Other,31,jbadal@vaidya-chakrabarti.com,08261783821,"68/56, Chada Zila, Ballia-657452",Lucknow,Uttar Pradesh,667939,9853 8871 8257,YNK6150M,2024-12-24
Urvi Barad,Female,38,indrans51@vyas-deep.com,+913671691031,"452, Bhargava Ganj, Kolkata-446633",Kanpur,Uttar Pradesh,884524,9179 1604 5283,PSH7251E,2024-05-04
Heer Lanka,Other,23,purabdeo@yahoo.com,0344007429,"637, Sathe Zila, Hindupur 877928",Chennai,Tamil Nadu,376269,6759 5779 9643,LIH3119A,2024-10-10
Advika Dey,Male,50,chandermiraan@gmail.com,06817832697,"05/921, Bhatnagar, Jalgaon 612044",Mangalore,Karnataka,324602,3073 9561 4709,NIN4147D,2024-04-08
Nehmat Rege,Male,49,gde@barman.com,00241189216,"12/38, Thakkar Chowk, Ambala-651770",Surat,Gujarat,987470,7936 1461 5098,RRE4168M,2025-02-14
Zara Konda,Female,35,prisha02@yahoo.com,09475697514,"76/797, Dhar Circle, Alappuzha 051561",Ahmedabad,Gujarat,161003,4312 9286 8269,ZER5463E,2022-12-14
Saira Chanda,Male,61,prisha11@khatri.com,+917818405417,"518, Walia Street, Phagwara 141225",Howrah,West Bengal,202236,8732 6891 9978,QZK4070X,2022-11-11
Azad Kurian,Female,43,kotharitrisha@hotmail.com,7656539770,"059, Iyer Street, Sri Ganganagar 589188",Ahmedabad,Gujarat,295596,6998 4598 6117,TBD2924P,2025-02-10
Tarini Sani,Male,35,rayzaina@yahoo.com,06065895526,"22, Sangha, Jaunpur 137496",New Delhi,Delhi,322146,6067 6894 6458,OWT6191F,2022-10-31
Lagan Chawla,Female,56,manijivin@gmail.com,+919038126931,"541, Ghose, Shahjahanpur 788027",Kolkata,West Bengal,672405,8612 4423 5118,XGU9856N,2024-06-08
Divij Mall,Female,51,zbawa@gmail.com,6347792975,"29/59, Manda Path, Jhansi-423294",Kanpur,Uttar Pradesh,816758,5861 6460 9726,DLK5299K,2022-11-16
Shalv Mannan,Other,59,sumersetty@biswas-suresh.net,2445444824,"712, D’Alia Path, Thoothukudi-321907",New Delhi,Delhi,576733,4257 6405 9287,FWE7956D,2024-07-31
Samaira Yogi,Male,56,renee35@yahoo.com,5321249064,"H.No. 672, Sarkar Street, Morena 192415",Madurai,Tamil Nadu,591323,9951 9329 6118,YCY2648E,2024-06-10
Yakshit Vyas,Male,34,kiaanloyal@hotmail.com,+911047114585,"23, Mahal Path, Darbhanga 505623",Kanpur,Uttar Pradesh,378369,6701 5958 7660,WKW7920V,2022-11-05
Madhav Choudhry,Other,58,wkala@yahoo.com,4975169380,"540, Cheema Ganj, Farrukhabad 706114",Pune,Maharashtra,721202,2546 2887 1224,DIW7483M,2023-03-12
Ela Walia,Female,58,masterjivika@kurian.com,02505876474,"85, Lal Circle, Bhavnagar 309823",Ahmedabad,Gujarat,529758,2220 3251 6044,MQS4630F,2023-09-02
Nirvi Arya,Other,40,beraaniruddh@gmail.com,04720427017,"450, Butala Path, Thrissur-029564",Bangalore,Karnataka,751472,2871 2363 2358,UAB4397O,2022-07-01
Kimaya Atwal,Male,40,dhruvgrewal@hotmail.com,6527487379,"13, Hans Marg, Kollam 459860",Mysore,Karnataka,529358,4518 5377 2373,NYD9019S,2023-12-14
Lakshay Mangat,Male,62,senguptayasmin@basu-tara.info,2520790760,"45/314, Guha Street, Dhule-272583",Mysore,Karnataka,198952,4691 9072 9183,EOS3147D,2023-10-17
Charvi Banik,Male,50,heer20@joshi.com,08881928412,"H.No. 60, Brahmbhatt Street, Srinagar 458438",Chennai,Tamil Nadu,814004,4293 6486 7415,BTP6110W,2022-11-06
Kiara Atwal,Other,37,kallaprisha@balakrishnan.biz,5103937949,"H.No. 049, Sheth Chowk, Avadi-891167",Chennai,Tamil Nadu,584578,9967 4139 1237,KNY8097E,2023-08-20
Kiara Walla,Female,57,annealisha@hotmail.com,+919952104349,"81/740, Rana Road, Sirsa-056461",Chennai,Tamil Nadu,015778,2839 2028 2108,MBD9585I,2024-11-09
Miraan Buch,Other,35,elakshi19@master-tella.info,04737531599,"H.No. 748, Devi, Agra 283936",New Delhi,Delhi,597313,9123 9168 4459,ACC6252A,2023-02-28
Divyansh Banik,Male,62,priyansh54@gmail.com,+912262076007,"H.No. 38, Ganguly Nagar, New Delhi 898776",Agra,Uttar Pradesh,861909,4684 1240 3039,XKC7461W,2024-12-08
Ranbir Mall,Female,49,dharmajankonda@hotmail.com,+912656116035,"44, Ghose, Singrauli-973961",Mumbai,Maharashtra,747250,1701 8746 3584,MFH6511B,2024-05-13
Vanya Dhingra,Female,42,gourvihaan@yahoo.com,6247125131,"99, Desai Chowk, Nashik 433730",New Delhi,Delhi,494374,5754 9655 6581,CUM2644J,2023-07-15
Shaan Bir,Other,21,anandalia@mandal-kulkarni.info,5751397038,"987, D’Alia Ganj, Amravati-162101",New Delhi,Delhi,701642,1725 8447 4753,QXC3933D,2022-09-25
Vivaan Dasgupta,Male,35,dtak@verma.com,01706712981,"H.No. 867, Borah Ganj, Tadipatri 392803",Howrah,West Bengal,192333,5988 4682 7720,LPU9198B,2023-07-28
Nishith Sathe,Female,50,kapoordrishya@suri.com,3072217615,"33/72, Batra Street, Moradabad-844619",Nagpur,Maharashtra,822699,2663 5085 4698,LHG9776W,2023-05-09
Neysa Chander,Other,30,royvedika@sani.biz,+918530859110,"21, Bhatia Street, Amroha-090308",Nagpur,Maharashtra,065691,2447 8890 9174,YMQ4312M,2024-03-10
Stuvan Manda,Male,18,sainizara@tella.com,6796606822,"85/52, Venkataraman Nagar, Nanded 901664",Mysore,Karnataka,881461,2799 3029 8835,PYK2254Y,2025-02-21
Umang Wagle,Female,29,trishagill@hotmail.com,+916311055288,"H.No. 68, Swamy Circle, Asansol 682649",Howrah,West Bengal,656494,7321 7758 6190,UQA3832V,2023-02-10
Indrans Iyer,Male,56,mchand@gmail.com,+910100261655,"38/903, Sridhar Circle, Patiala 187543",Kanpur,Uttar Pradesh,622617,4298 1884 9854,JIY2250N,2024-10-16
Zeeshan Kuruvilla,Male,56,sankaranhunar@yahoo.com,08731846456,"H.No. 62, Loke, Kolkata-837869",New Delhi,Delhi,371363,6296 3922 3305,TCC5984S,2024-06-26
Rhea Chauhan,Female,47,samarbadal@hotmail.com,+910973684008,"H.No. 26, Krishnan, Allahabad 518181",Bangalore,Karnataka,724345,8394 7387 6702,UVL1134I,2024-11-30
Veer Ramesh,Other,49,anahitasankaran@khalsa-bandi.info,9617468482,"471, Dhillon Ganj, Pallavaram 608396",Bangalore,Karnataka,112079,1465 6610 4463,UPZ2109P,2024-11-01
Zeeshan Keer,Male,64,guptavanya@anand.com,0144630518,"13/39, Chokshi Circle, Khandwa 238099",Ahmedabad,Gujarat,835485,4073 7240 3011,CIW4432K,2024-09-02
Aaina Vyas,Other,38,sahniheer@krish.com,7427074043,"03/262, Ram Path, Faridabad 004652",Mysore,Karnataka,535661,9847 3272 7765,TGB6741Q,2023-06-11
Dishani Dalal,Other,64,singhalstuvan@hotmail.com,+911852638592,"H.No. 00, Shukla Road, Navi Mumbai-496284",New Delhi,Delhi,882597,9126 2403 6181,RVW6872D,2024-01-18
Shanaya Gandhi,Female,57,sairaben@gmail.com,+918736336100,"053, Chakraborty Zila, Bidhannagar 594074",Lucknow,Uttar Pradesh,900922,8518 5224 9147,HHL2728F,2024-07-25
Amira Kalita,Other,64,aarush25@gmail.com,08651060966,"H.No. 82, Cherian Road, Barasat-098248",Nagpur,Maharashtra,459563,2076 5890 7634,AMG9830Z,2024-12-30
Akarsh Swamy,Male,61,dhanuktiwari@hotmail.com,+914245435252,"H.No. 31, Sant Marg, Narasaraopet-833270",Pune,Maharashtra,009269,7765 7869 7466,MFQ4572E,2023-08-28
Anahita Kohli,Other,26,biju80@hotmail.com,4555878394,"72/47, Dixit Chowk, Morbi-829291",Chennai,Tamil Nadu,247123,7583 4019 5380,GVA6626M,2025-01-24
Jiya Kara,Other,37,sundarambhamini@yahoo.com,5746658765,"H.No. 39, Sinha Street, Rampur 336830",New Delhi,Delhi,816576,9772 9168 8131,XRM8531C,2024-05-21
Arhaan Devi,Male,46,krish09@cherian-soni.com,02994725399,"11/459, Bawa Nagar, Panihati 960745",Kanpur,Uttar Pradesh,477470,4403 5116 6484,BID8237G,2024-12-23
Kiara Ratta,Other,52,samarthghose@raja.com,8547228794,"H.No. 59, Koshy Road, Surat 519370",Ahmedabad,Gujarat,097190,9494 1324 2833,PKJ6761J,2022-06-08
Charvi Grover,Other,61,cbath@chaudhari-vora.net,04400816088,"91/210, Gulati Chowk, Ahmednagar 869120",Agra,Uttar Pradesh,966331,5093 1618 9660,RKR3780C,2022-06-12
Indranil Kala,Female,50,qbhakta@rama-butala.com,8016844922,"H.No. 05, Raja Nagar, Gudivada-811710",Vadodara,Gujarat,494103,7533 8597 3806,DDA3199N,2025-03-27
Aarna Divan,Female,20,wvirk@yahoo.com,03179030055,"379, Rout Path, Rourkela-994693",Pune,Maharashtra,514781,2306 2938 5785,QYA1296Q,2024-10-22
Charvi Vohra,Female,38,eva64@hotmail.com,+916169055049,"76/092, Talwar Circle, Varanasi 332218",Bangalore,Karnataka,049118,6115 1777 1769,YIP7323U,2023-05-08
Kiara Arya,Other,57,arhaan10@sabharwal.net,02582451059,"H.No. 675, Bath Path, Madhyamgram-256209",Coimbatore,Tamil Nadu,160394,4918 4756 4161,RWJ2770F,2022-10-08
Advika Tripathi,Male,24,vkata@gmail.com,+910858064035,"79, Walla Ganj, Bongaigaon-705492",Howrah,West Bengal,893302,6031 9828 6283,RBP9251P,2023-02-04
Vedika Dyal,Male,64,charvi32@gmail.com,5441395244,"H.No. 46, Bhardwaj Path, Dhule-575441",New Delhi,Delhi,122356,2796 7979 9091,ZKD3327W,2022-05-01
Lakshit Saxena,Female,46,sahotavritika@gmail.com,+913444023055,"46/112, Sur Marg, Hospet 335610",Mysore,Karnataka,359789,1594 9355 5303,AVF9735U,2024-06-02
Priyansh Chacko,Other,63,fcontractor@gmail.com,9772680601,"H.No. 71, Shere Ganj, Vellore-593311",Chennai,Tamil Nadu,247164,8788 6974 7243,SRX4210X,2025-02-11
Ryan Gola,Female,48,solankisamaira@yahoo.com,05301048809,"357, Loke Zila, Dibrugarh 886860",Kolkata,West Bengal,411231,9575 6583 9966,ZMK1328T,2024-07-26
Ayesha Vaidya,Other,59,hiran64@gola-sodhi.net,00863368663,"H.No. 235, Mander Road, Bhagalpur 112534",Mumbai,Maharashtra,361879,6738 2346 5273,TID5868F,2022-10-04
Samiha Tella,Male,23,rhea73@gole-kade.com,02913978104,"H.No. 417, Rama Ganj, Cuttack 258602",Kanpur,Uttar Pradesh,567939,7863 8821 2048,QTA7127R,2024-08-28
Mohanlal Mane,Male,19,joshihiran@gmail.com,+917782525402,"82, Sastry Circle, Silchar 135992",Agra,Uttar Pradesh,457220,8387 4204 3243,KXE7371N,2024-11-08
Ela Dugal,Male,20,sganesh@sarna.info,08231825109,"H.No. 407, Srinivasan Ganj, Anantapuram 076223",Chennai,Tamil Nadu,591382,1408 8563 6216,HKD4464N,2024-11-16
